token;tag;wordnet;
lasaña;B-R;ili-30-07870167-n;
DE;I-R;-;
pollo;I-R;ili-30-07644967-n;
CON;I-R;-;
queso;I-R;ili-30-07850329-n;
Y;I-R;-;
jamón;I-R;ili-30-07669891-n;
el;O;;
lasaña;B-R;ili-30-07870167-n;
de;I-R;-;
pollo;I-R;ili-30-07644967-n;
con;I-R;-;
queso;I-R;ili-30-07850329-n;
y;I-R;-;
jamón;I-R;ili-30-07669891-n;
ser;O;;
sencillamente;O;;
deliciós;O;;
,;O;;
con;O;;
sabor;O;;
de;O;;
siempre;O;;
pero;O;;
con;O;;
uno;O;;
puntito;O;;
mucho;O;;
sabroso;O;;
y;O;;
que;O;;
combinar;O;;
de;O;;
maravilla;O;;
con;O;;
el;O;;
cremosidad;O;;
de;O;;
el;O;;
bechamel;B-R;ili-30-07837362-n;
.;O;;
cómo;O;;
hacer;O;;
lasaña;B-R;ili-30-07870167-n;
DE;I-R;-;
pollo;I-R;ili-30-07644967-n;
CON;I-R;-;
queso;I-R;ili-30-07850329-n;
Y;I-R;-;
jamón;I-R;ili-30-07669891-n;
el;O;-;
lasaña;B-R;ili-30-07870167-n;
de;I-R;-;
pollo;I-R;ili-30-07644967-n;
con;I-R;-;
queso;I-R;ili-30-07850329-n;
y;I-R;-;
jamón;I-R;ili-30-07669891-n;
ser;O;;
uno;O;;
absoluto;O;;
maravilla;O;;
,;O;;
uno;O;;
plato;O;;
súper;O;;
completo;O;;
y;O;;
que;O;;
no;O;;
tener;O;;
gran;O;;
dificultad;O;;
.;O;;
él;O;;
único;O;;
más;O;;
complicado;O;;
ante;O;;
él;O;;
que;O;;
tú;O;;
poder;O;;
encontrar;O;;
ser;O;;
con;O;;
el;O;;
salsa;B-R;ili-30-07837362-n;
bechamel;I-R;ili-30-07837362-n;
,;O;;
para;O;;
el;O;;
cual;O;;
tenéis;O;;
uno;O;;
artículo;O;;
explicadísimo;O;;
paso;O;;
a;O;;
paso;O;;
(;O;;
tú;O;;
él;O;;
indico;O;;
más;O;;
abajo;O;;
);O;;
y;O;;
que;O;;
ya;O;;
sabéis;O;;
que;O;;
requerir;O;;
de;O;;
uno;O;;
poco;O;;
de;O;;
práctica;O;;
para;O;;
poder;O;;
conseguir;O;;
uno;O;;
salsa;B-R;ili-30-07829412-n;
alucinant;O;;
.;O;;
cómo;O;;
hacer;O;;
lasaña;B-R;ili-30-07870167-n;
DE;I-R;-;
pollo;I-R;ili-30-07644967-n;
CON;I-R;-;
queso;I-R;ili-30-07850329-n;
Y;I-R;-;
jamón;I-R;ili-30-07669891-n;
Para;O;;
dos;O;;
persona;O;;
:;O;;
1;O;;
pechuga;B-IN-ME;ili-30-07648408-n;
de;I-IN-ME;-;
pollo;I-IN-ME;ili-30-07644967-n;
jamón;B-IN-ME;ili-30-07669891-n;
cocido;I-IN-ME;ili-30-00616822-a;
Queso;B-IN-M-AM;ili-30-07850329-n;
edam;I-IN-M-AM;ili-30-07853445-n;
en;O;;
loncha;O;;
tomate;B-IN-FV;ili-30-07734017-n;
seco;B-IN-FV;ili-30-01072382-a;
en;O;;
aceite;B-IN-FO;ili-30-07673397-n;
de;I-IN-FO;-;
oliva;I-IN-FO;ili-30-07767344-n;
1/2;O;;
cebolla;B-IN-FV;ili-30-07722217-n;
3;O;;
placa;B-IN-PT-AG;-;
de;I-IN-PT-AG;-;
lasaña;I-IN-PT-AG;ili-30-07701053-n;
queso;B-IN-M-AM;ili-30-07850329-n;
rallado;O;;
para;O;;
gratinar;O;;
1/4;O;;
vino;B-IN-AB-ASD;ili-30-07891726-n;
para;O;;
guisar;O;;
Pimienta;B-IN-HS;ili-30-07815588-n;
recién;O;;
molido;O;;
Sal;B-IN-HS;ili-30-07813107-n;
Aceite;B-IN-FO;ili-30-07673397-n;
de;I-IN-FO;-;
oliva;I-IN-FO;ili-30-07767344-n;
Para;O;;
el;O;;
bechamel;B-R;ili-30-07837362-n;
Mantequilla;B-IN-M-AM;ili-30-07848338-n;
Leche;B-IN-M-AM;ili-30-07844042-n;
entero;I-IN-M-AM;ili-30-00514884-a;
2;O;;
cucharada;O;;
de;O;;
harina;B-IN-BP-AG;ili-30-07569106-n;
Nuez;B-IN-HS;ili-30-07815424-n;
moscado;I-IN-HS;ili-30-07815424-n;
cómo;O;;
hacer;O;;
lasaña;B-R;ili-30-07870167-n;
DE;I-R;-;
pollo;I-R;ili-30-07644967-n;
CON;I-R;-;
queso;I-R;ili-30-07850329-n;
Y;I-R;-;
jamón;I-R;ili-30-07669891-n;
Limpia;O;;
y;O;;
pico;O;;
el;O;;
cebolla;B-IN-FV;ili-30-07722217-n;
en;O;;
trocito;O;;
pequeño;O;;
.;O;;
poner;O;;
el;O;;
sartén;B-E-U;ili-30-03400231-n;
al;O;;
fuego;O;;
con;O;;
uno;O;;
poco;O;;
de;O;;
aceite;B-IN-FO;ili-30-07673397-n;
de;I-IN-FO;-;
oliva;I-IN-FO;ili-30-07767344-n;
y;O;;
,;O;;
cuando;O;;
estar;O;;
caliente;O;;
,;O;;
añadir;O;;
el;O;;
cebolla;B-IN-FV;ili-30-07722217-n;
con;O;;
uno;O;;
poco;O;;
de;O;;
sal;B-IN-HS;ili-30-07813107-n;
,;O;;
dejar;O;;
que;O;;
él;O;;
pochir;O;;
suavemente;O;;
.;O;;
Corta;O;;
el;O;;
pechuga;B-IN-ME;ili-30-07648408-n;
de;I-IN-ME;-;
pollo;I-IN-ME;ili-30-07644967-n;
en;O;;
dado;O;;
y;O;;
salpimienta;O;;
.;O;;
cuando;O;;
el;O;;
cebolla;B-IN-FV;ili-30-07722217-n;
estar;O;;
pochado;O;;
él;O;;
añadir;O;;
el;O;;
pollo;B-IN-ME;ili-30-07644967-n;
y;O;;
él;O;;
marcar;O;;
por;O;;
todo;O;;
el;O;;
lado;O;;
.;O;;
trocea;O;;
el;O;;
tomate;B-IN-FV;ili-30-07734017-n;
seco;I-IN-FV;ili-30-01072382-a;
y;O;;
él;O;;
añadir;O;;
también;O;;
a;O;;
el;O;;
sartén;B-E-U;ili-30-03400231-n;
.;O;;
cuando;O;;
todo;O;;
estar;O;;
doradito;O;;
,;O;;
añadir;O;;
el;O;;
vino;B-IN-AB-ASD;ili-30-07891726-n;
de;O;;
guisar;O;;
hasta;O;;
que;O;;
él;O;;
absorbar;O;;
o;O;;
reducir;O;;
.;O;;
apagas;O;;
y;O;;
reserva;O;;
.;O;;
preparar;O;;
el;O;;
salsa;B-R;ili-30-07829412-n;
bechamel;I-R;ili-30-07837362-n;
tal;O;;
y;O;;
como;O;;
tú;O;;
haber;O;;
indicar;O;;
en;O;;
«;O;;
cómo;O;;
hacer;O;;
salsa;B-R;ili-30-07829412-n;
bechamel;I-R;ili-30-07837362-n;
«;O;;
.;O;;
a;O;;
modo;O;;
de;O;;
recordatorio;O;;
resumido;O;;
:;O;;
Pon;O;;
el;O;;
mantequilla;B-IN-M-AM;ili-30-07848338-n;
al;O;;
fuego;O;;
y;O;;
cuando;O;;
él;O;;
derritar;O;;
añadir;O;;
el;O;;
harina;B-IN-BP-AG;ili-30-07569106-n;
,;O;;
él;O;;
dejar;O;;
uno;O;;
minuto;O;;
para;O;;
que;O;;
él;O;;
dorar;O;;
y;O;;
enseguida;O;;
añadir;O;;
leche;B-IN-M-AM;ili-30-07844042-n;
.;O;;
remover;O;;
con;O;;
constancia;O;;
y;O;;
añadir;O;;
leche;B-IN-M-AM;ili-30-07844042-n;
cada;O;;
poco;O;;
tiempo;O;;
.;O;;
el;O;;
grumo;O;;
tener;O;;
que;O;;
quedar;O;;
perfectamente;O;;
desecho;O;;
y;O;;
cuando;O;;
él;O;;
pruebes;O;;
no;O;;
deber;O;;
de;O;;
saber;O;;
ni;O;;
a;O;;
harina;B-IN-BP-AG;ili-30-07569106-n;
ni;O;;
a;O;;
leche;B-IN-M-AM;ili-30-07844042-n;
.;O;;
añadir;O;;
sal;B-IN-HS;ili-30-07813107-n;
al;O;;
gusto;O;;
y;O;;
nuez;B-IN-HS;ili-30-07815424-n;
moscado;I-IN-HS;ili-30-07815424-n;
.;O;;
cuando;O;;
él;O;;
tener;O;;
,;O;;
ya;O;;
sólo;O;;
yo;O;;
quedar;O;;
montar;O;;
el;O;;
lasaña;B-R;ili-30-07870167-n;
.;O;;
pon;O;;
uno;O;;
cuchara;O;;
de;O;;
salsa;B-R;ili-30-07829412-n;
bechamel;I-R;ili-30-07837362-n;
sobre;O;;
el;O;;
fondo;O;;
del;O;;
recipiente;B-E-U;ili-30-03094503-n;
.;O;;
colocar;O;;
uno;O;;
placa;B-IN-PT-AG;-;
de;I-IN-PT-AG;-;
lasaña;I-IN-PT-AG;ili-30-07870167-n;
y;O;;
añadir;O;;
el;O;;
pollo;B-IN-ME;ili-30-07644967-n;
,;O;;
encima;O;;
jamón;B-IN-ME;ili-30-07669891-n;
cocido;I-IN-ME;ili-30-00616822-a;
y;O;;
encima;O;;
el;O;;
queso;B-IN-M-AM;ili-30-07850329-n;
edam;I-IN-M-AM;ili-30-07853445-n;
,;O;;
cubrir;O;;
con;O;;
bechamel;B-R;ili-30-07837362-n;
y;O;;
repetir;O;;
el;O;;
operación;O;;
.;O;;
uno;O;;
vez;O;;
que;O;;
él;O;;
tengas;O;;
todo;O;;
listo;O;;
,;O;;
él;O;;
terminar;O;;
cubrir;O;;
con;O;;
bechamel;B-R;ili-30-07837362-n;
y;O;;
él;O;;
poner;O;;
uno;O;;
buen;O;;
cantidad;O;;
de;O;;
queso;B-IN-M-AM;ili-30-07850329-n;
rallado;O;;
por;O;;
encima;O;;
.;O;;
mételir;O;;
al;O;;
horno;B-E-A;ili-30-03862676-n;
precalentado;O;;
a;O;;
180;O;;
grado;O;;
durante;O;;
uno;O;;
20;O;;
minuto;O;;
.;O;;
fijaros;O;;
siempre;O;;
en;O;;
el;O;;
indicación;O;;
de;O;;
el;O;;
marca;O;;
de;O;;
placa;B-IN-PT-AG;-;
de;I-IN-PT-AG;-;
lasaña;I-IN-PT-AG;ili-30-07701053-n;
,;O;;
en;O;;
el;O;;
tiempo;O;;
recomendado;O;;
y;O;;
el;O;;
temperatura;O;;
.;O;;
uno;O;;
vez;O;;
él;O;;
tener;O;;
,;O;;
solamente;O;;
quedar;O;;
servir;O;;
y;O;;
disfrutar;O;;
.;O;;
PASTA;B-R;ili-30-07698915-n;
CUATRO;I-R;-;
quesos;I-R;ili-30-07850329-n;
,;O;;
receta;O;;
fácil;O;;
el;O;;
pasta;B-R;ili-30-07698915-n;
cuatro;I-R;-;
queso;I-R;ili-30-07850329-n;
ser;O;;
uno;O;;
de;O;;
el;O;;
cosa;O;;
más;O;;
fácil;O;;
y;O;;
sencillo;O;;
que;O;;
tú;O;;
vais;O;;
a;O;;
encontrar;O;;
,;O;;
con;O;;
uno;O;;
resultado;O;;
sorprendente;O;;
y;O;;
delicioso;O;;
.;O;;
resultar;O;;
uno;O;;
plato;O;;
tanto;O;;
fácil;O;;
que;O;;
tener;O;;
o;O;;
no;O;;
experiencia;O;;
en;O;;
el;O;;
cocina;O;;
,;O;;
ser;O;;
para;O;;
tú;O;;
.;O;;
receta;O;;
fácil;O;;
DE;O;;
pasta;B-R;ili-30-07698915-n;
CUATRO;I-R;-;
quesos;I-R;ili-30-07850329-n;
haber;O;;
optar;O;;
por;O;;
uno;O;;
mezcla;O;;
sencillo;O;;
de;O;;
queso;B-IN-M-AM;ili-30-07850329-n;
que;O;;
ser;O;;
fácil;O;;
de;O;;
encontrar;O;;
en;O;;
cualquiera;O;;
supermercado;O;;
:;O;;
gorgonzola;B-IN-M-AM;ili-30-07852376-n;
,;O;;
brie;B-IN-M-AM;ili-30-07852614-n;
,;O;;
parmesano;B-IN-M-AM;ili-30-07854348-n;
y;O;;
edam;B-IN-M-AM;ili-30-07853445-n;
.;O;;
ser;O;;
importante;O;;
utilizar;O;;
queso;B-IN-M-AM;ili-30-07850329-n;
que;O;;
fundir;O;;
bien;O;;
y;O;;
el;O;;
gorgonzola;B-IN-M-AM;ili-30-07852376-n;
él;O;;
ir;O;;
a;O;;
dar;O;;
uno;O;;
punto;O;;
de;O;;
sabor;O;;
fantástico;O;;
.;O;;
tú;O;;
recomendar;O;;
tener;O;;
en;O;;
cuenta;O;;
que;O;;
el;O;;
pasta;B-R;ili-30-07698915-n;
cuatro;I-R;-;
queso;I-R;ili-30-07850329-n;
ser;O;;
uno;O;;
plato;O;;
que;O;;
llenar;O;;
,;O;;
pues;O;;
el;O;;
salsa;B-R;ili-30-07829412-n;
de;I-R;-;
queso;I-R;ili-30-07850329-n;
sacia;O;;
bastante;O;;
.;O;;
PASTA;B-R;ili-30-07698915-n;
CUATRO;I-R;-;
quesos;I-R;ili-30-07850329-n;
–;O;;
ingredient;O;;
Para;O;;
dos;O;;
persona;O;;
:;O;;
200;O;;
gr;O;;
.;O;;
penne;B-IN-PT-AG;ili-30-07701147-n;
o;O;;
el;O;;
macarrón;B-IN-PT-AG;ili-30-07700964-n;
que;O;;
queráis;O;;
100;O;;
ml;O;;
de;O;;
leche;B-IN-M-AM;ili-30-07844042-n;
60;O;;
gr;O;;
de;O;;
gorgonzola;B-IN-M-AM;ili-30-07852376-n;
50;O;;
gr;O;;
.;O;;
de;O;;
brie;B-IN-M-AM;ili-30-07852614-n;
50;O;;
gr;O;;
de;O;;
emmental;B-IN-M-AM;ili-30-07854982-n;
40;O;;
gr;O;;
.;O;;
de;O;;
parmesano;B-IN-M-AM;ili-30-07854348-n;
(;O;;
parmigiano;B-IN-M-AM;ili-30-07854348-n;
reggiano;I-IN-M-AM;-;
);O;;
uno;O;;
cucharada;O;;
de;O;;
mantequilla;B-IN-M-AM;ili-30-07848338-n;
Sal;B-IN-HS;ili-30-07813107-n;
Pimienta;B-IN-HS;ili-30-07815588-n;
recién;O;;
molido;O;;
cómo;O;;
hacer;O;;
salsa;B-R;ili-30-07829412-n;
cuatro;I-R;-;
quesos;I-R;ili-30-07850329-n;
él;O;;
primero;O;;
ser;O;;
escoger;O;;
el;O;;
pasta;B-IN-PT-AG;ili-30-07698915-n;
.;O;;
yo;O;;
haber;O;;
optar;O;;
por;O;;
uno;O;;
penn;B-IN-PT-AG;ili-30-07701147-n;
y;O;;
tú;O;;
recomendar;O;;
,;O;;
como;O;;
siempre;O;;
,;O;;
que;O;;
tú;O;;
fijéis;O;;
en;O;;
el;O;;
tiempo;O;;
de;O;;
cocción;O;;
recomendado;O;;
por;O;;
el;O;;
fabricante;O;;
.;O;;
así;O;;
que;O;;
,;O;;
sólo;O;;
haber;O;;
que;O;;
poner;O;;
agua;B-IN-NAB;ili-30-07935504-n;
en;O;;
uno;O;;
cacerola;B-E-U;ili-30-03990474-n;
con;O;;
uno;O;;
poco;O;;
de;O;;
sal;B-IN-HS;ili-30-07813107-n;
.;O;;
cuando;O;;
herir;O;;
añadir;O;;
el;O;;
pasta;B-IN-PT-AG;ili-30-07698915-n;
y;O;;
él;O;;
dejar;O;;
cocer;O;;
el;O;;
tiempo;O;;
recomendado;O;;
.;O;;
mientras;O;;
tanto;O;;
preparar;O;;
el;O;;
salsa;B-R;ili-30-07829412-n;
de;I-R;-;
queso;I-R;ili-30-07850329-n;
:;O;;
En;O;;
uno;O;;
sartén;B-E-U;ili-30-03400231-n;
antiadherente;I-E-U;ili-30-02235330-a;
añadir;O;;
el;O;;
queso;B-IN-M-AM;ili-30-07850329-n;
gorgonzola;I-IN-M-AM;ili-30-07852376-n;
cortado;O;;
en;O;;
dado;O;;
,;O;;
el;O;;
brie;B-IN-M-AM;ili-30-07852614-n;
cortado;O;;
en;O;;
dado;O;;
pero;O;;
sin;O;;
el;O;;
corteza;O;;
,;O;;
el;O;;
parmesano;B-IN-M-AM;ili-30-07854348-n;
rallado;O;;
y;O;;
el;O;;
edam;B-IN-M-AM;ili-30-07853445-n;
rallado;O;;
o;O;;
troceado;O;;
(;O;;
depender;O;;
de;O;;
cómo;O;;
él;O;;
compréis;O;;
);O;;
.;O;;
añadir;O;;
uno;O;;
poco;O;;
de;O;;
mantequilla;B-IN-M-AM;ili-30-07848338-n;
y;O;;
uno;O;;
chorrito;O;;
de;O;;
leche;B-IN-M-AM;ili-30-07844042-n;
.;O;;
ponlo;O;;
a;O;;
fuego;O;;
bajo;O;;
y;O;;
comenzar;O;;
a;O;;
remover;O;;
de;O;;
forma;O;;
constante;O;;
para;O;;
favorecer;O;;
que;O;;
él;O;;
fundir;O;;
y;O;;
que;O;;
no;O;;
él;O;;
quemir;O;;
en;O;;
ninguno;O;;
momento;O;;
.;O;;
cuando;O;;
tengar;O;;
el;O;;
pasta;B-IN-PT-AG;ili-30-07698915-n;
,;O;;
el;O;;
poner;O;;
en;O;;
el;O;;
escurridor;B-E-U;ili-30-03066849-n;
para;O;;
que;O;;
perder;O;;
todo;O;;
el;O;;
agua;B-IN-NAB;ili-30-07935504-n;
sobrante;O;;
y;O;;
él;O;;
añades;O;;
a;O;;
el;O;;
salsa;B-R;ili-30-07829412-n;
de;I-R;-;
queso;I-R;ili-30-07850329-n;
.;O;;
o;O;;
bien;O;;
,;O;;
servir;O;;
el;O;;
pasta;B-IN-PT-AG;ili-30-07698915-n;
en;O;;
plato;B-E-U;ili-30-03959485-n;
y;O;;
él;O;;
baña;O;;
con;O;;
el;O;;
salsa;B-R;ili-30-07829412-n;
de;I-R;-;
queso;I-R;ili-30-07850329-n;
.;O;;
poder;O;;
añadir él;O;;
uno;O;;
poquito;O;;
de;O;;
pimienta;B-IN-HS;ili-30-07815588-n;
por;O;;
encima;O;;
y;O;;
a;O;;
servir;O;;
.;O;;
¡;O;;
ya;O;;
estar;O;;
listo;O;;
!;O;;
Cheesecake;B-R;-;
de;I-R;-;
dulce;I-R;ili-30-07605804-n;
de;I-R;-;
leche;I-R;-;
con;I-R;-;
brownie;I-R;ili-30-07636271-n;
.;O;;
Brownie;B-R;ili-30-07636271-n;
150;O;;
gr;O;;
.;O;;
de;O;;
chocolate;B-IN-O;ili-30-07603722-n;
negro;I-IN-O;-;
(;O;;
80%;O;;
cacao;B-IN-FV;ili-30-07755089-n;
);O;;
200;O;;
gr;O;;
.;O;;
de;O;;
mantequilla;B-IN-M-AM;ili-30-07848338-n;
200;O;;
gr;O;;
.;O;;
de;O;;
azúcar;B-IN-SU;ili-30-07859284-n;
80;O;;
gr;O;;
.;O;;
de;O;;
harina;B-IN-BP-AG;ili-30-07569106-n;
4;O;;
huevo;B-IN-E-AE;ili-30-07840804-n;
100;O;;
gr;O;;
.;O;;
de;O;;
chip;O;;
o;O;;
gotita;O;;
de;O;;
chocolate;B-IN-O;ili-30-07603722-n;
Cheesecake;B-R;-;
400;O;;
ml;O;;
nata;B-IN-M-AM;ili-30-07847198-n;
líquido;I-IN-M-AM;-;
para;I-IN-M-AM;-;
montar;I-IN-M-AM;-;
250;O;;
gr;O;;
.;O;;
queso;B-IN-M-AM;ili-30-07850329-n;
mascarpone;I-IN-M-AM;ili-30-07851554-n;
300;O;;
gr;O;;
.;O;;
queso;B-IN-M-AM;ili-30-07850329-n;
crema;I-IN-M-AM;ili-30-07847198-n;
450;O;;
gr;O;;
.;O;;
de;O;;
dulce;B-IN-M-AM;ili-30-07605804-n;
de;I-IN-M-AM;-;
leche;I-IN-M-AM;-;
Preparación;O;;
del;O;;
brownie;B-R;ili-30-07636271-n;
:;O;;
Derrite;O;;
el;O;;
chocolate;B-IN-O;ili-30-07603722-n;
con;O;;
el;O;;
mantequilla;B-IN-M-AM;ili-30-07848338-n;
en;O;;
tiempo;O;;
corto;O;;
en;O;;
el;O;;
microondas;B-E-A;ili-30-03761084-n;
.;O;;
remover;O;;
hasta;O;;
que;O;;
estar;O;;
líquido;O;;
.;O;;
Reserva;O;;
,;O;;
tener;O;;
que;O;;
quedar;O;;
frío;O;;
o;O;;
mucho;O;;
templado;O;;
.;O;;
mezclar;O;;
el;O;;
huevo;B-IN-E-AE;ili-30-07840804-n;
con;O;;
el;O;;
azúcar;B-IN-SU;ili-30-07859284-n;
con;O;;
uno;O;;
varilla;B-E-U;ili-30-04578934-n;
,;O;;
tener;O;;
que;O;;
duplicar;O;;
su;O;;
tamaño;O;;
.;O;;
incorporar;O;;
el;O;;
chocolate;B-IN-O;ili-30-07603722-n;
frío;O;;
a;O;;
el;O;;
mezcla;O;;
,;O;;
tener;O;;
que;O;;
quedar;O;;
homogéneo;O;;
.;O;;
incorporar;O;;
el;O;;
harina;B-IN-BP-AG;ili-30-07569106-n;
y;O;;
el;O;;
trocito;O;;
de;O;;
chocolate;B-IN-O;ili-30-07603722-n;
.;O;;
mezclar;O;;
con;O;;
uno;O;;
espátula;B-E-U;ili-30-04270147-n;
hasta;O;;
que;O;;
estar;O;;
todo;O;;
bien;O;;
unido;O;;
.;O;;
Enharina;O;;
o;O;;
forro;O;;
el;O;;
bandeja;B-E-U;ili-30-04476259-n;
de;I-E-U;-;
horno;I-E-U;ili-30-03862676-n;
que;O;;
vayar;O;;
a;O;;
usar;O;;
,;O;;
vuelca;O;;
el;O;;
contenido;O;;
del;O;;
brownie;B-R;ili-30-07636271-n;
y;O;;
él;O;;
introduz;O;;
en;O;;
el;O;;
horno;B-E-A;ili-30-03862676-n;
precalentado;O;;
a;O;;
180;O;;
grado;O;;
.;O;;
el;O;;
tiempo;O;;
poder;O;;
ir;O;;
de;O;;
25;O;;
a;O;;
35;O;;
minuto;O;;
,;O;;
depender;O;;
de;O;;
cada;O;;
horno;B-E-A;ili-30-03862676-n;
.;O;;
pincha;O;;
con;O;;
uno;O;;
cuchillo;B-E-U;ili-30-04380346-n;
y;O;;
si;O;;
estar;O;;
seco;O;;
,;O;;
retirar;O;;
y;O;;
dejar;O;;
enfriar;O;;
por;O;;
completo;O;;
.;O;;
Preparación;O;;
de;O;;
el;O;;
cheesecake;B-R;-;
:;O;;
colocar;O;;
en;O;;
uno;O;;
cacerola;B-E-U;ili-30-03990474-n;
el;O;;
queso;B-IN-M-AM;ili-30-07850329-n;
con;O;;
el;O;;
nata;B-IN-M-AM;ili-30-07847198-n;
y;O;;
él;O;;
poner;O;;
al;O;;
fuego;O;;
,;O;;
temperatura;O;;
medio;O;;
.;O;;
cuando;O;;
estar;O;;
líquido;O;;
añadir;O;;
el;O;;
azúcar;B-IN-SU;ili-30-07859284-n;
con;O;;
el;O;;
dulce;B-IN-M-AM;ili-30-07605804-n;
de;I-IN-M-AM;-;
leche;I-IN-M-AM;-;
sin;O;;
dejar;O;;
de;O;;
remover;O;;
,;O;;
cuidado;O;;
de;O;;
que;O;;
no;O;;
él;O;;
quemir;O;;
.;O;;
Deshaz;O;;
dos;O;;
sobre;O;;
de;O;;
cuajada;B-IN-M-AM;ili-30-07850083-n;
en;O;;
medio;O;;
vaso;O;;
de;O;;
leche;B-IN-M-AM;ili-30-07844042-n;
.;O;;
cuando;O;;
todo;O;;
estar;O;;
homogéneo;O;;
ser;O;;
el;O;;
momento;O;;
de;O;;
incorporar él;O;;
,;O;;
haber;O;;
que;O;;
llevar él;O;;
a;O;;
ebullición;O;;
y;O;;
dejar;O;;
cocer;O;;
uno;O;;
minuto;O;;
.;O;;
después;O;;
,;O;;
podrar;O;;
echar;O;;
el;O;;
cheesecake;B-R;-;
sobre;O;;
el;O;;
brownie;B-R;ili-30-07636271-n;
frío;O;;
,;O;;
con;O;;
cuidado;O;;
.;O;;
dejar;O;;
enfriar;O;;
completamente;O;;
.;O;;
en;O;;
el;O;;
momento;O;;
de;O;;
servir;O;;
poder;O;;
decorar él;O;;
con;O;;
más;O;;
dulce;B-IN-M-AM;ili-30-07605804-n;
de;I-IN-M-AM;-;
leche;I-IN-M-AM;-;
,;O;;
añadir;O;;
uno;O;;
fruto;B-IN-N-AN;ili-30-13136556-n;
seco;I-IN-N-AN;-;
o;O;;
uno;O;;
hilo;O;;
de;O;;
chocolate;B-IN-O;ili-30-07603722-n;
.;O;;
risotto;B-R;ili-30-07875436-n;
DE;I-R;-;
setas;I-R;ili-30-07734744-n;
CON;I-R;-;
CRUJIENTE;I-R;ili-30-01068104-a;
DE;I-R;-;
PARMESANO;I-R;ili-30-07854348-n;
uno;O;;
plato;O;;
de;O;;
risotto;B-R;ili-30-07875436-n;
de;I-R;-;
seta;I-R;ili-30-07734744-n;
con;I-R;-;
crujiente;I-R;ili-30-01068104-a;
de;I-R;-;
parmesano;I-R;ili-30-07854348-n;
ser;O;;
súper;O;;
sabroso;O;;
,;O;;
cremoso;O;;
y;O;;
mucho;O;;
fácil;O;;
de;O;;
hacer;O;;
.;O;;
risotto;B-R;ili-30-07875436-n;
DE;I-R;-;
setas;I-R;ili-30-07734744-n;
Si;O;;
a;O;;
este;O;;
risotto;B-R;ili-30-07875436-n;
de;I-R;-;
seta;I-R;ili-30-07734744-n;
él;O;;
poder;O;;
añadir;O;;
uno;O;;
poco;O;;
de;O;;
trufa;B-IN-O;ili-30-07736971-n;
,;O;;
tú;O;;
vais;O;;
a;O;;
encontrar;O;;
con;O;;
uno;O;;
plato;O;;
aromático;O;;
y;O;;
con;O;;
uno;O;;
toque;O;;
de;O;;
sabor;O;;
mucho;O;;
sabroso;O;;
.;O;;
si;O;;
no;O;;
,;O;;
siempre;O;;
poder;O;;
seguir;O;;
preparar;O;;
este;O;;
receta;O;;
paso;O;;
a;O;;
paso;O;;
.;O;;
el;O;;
mantequilla;B-IN-M-AM;ili-30-07848338-n;
y;O;;
el;O;;
queso;B-IN-M-AM;ili-30-07850329-n;
,;O;;
que;O;;
él;O;;
él;O;;
añadir;O;;
al;O;;
final;O;;
,;O;;
veréisir;O;;
cómo;O;;
terminar;O;;
de;O;;
dar él;O;;
ese;O;;
aspecto;O;;
y;O;;
textura;O;;
jugoso;O;;
.;O;;
risotto;B-R;ili-30-07875436-n;
DE;I-R;-;
setas;I-R;ili-30-07734744-n;
–;O;;
ingredient;O;;
Para;O;;
dos;O;;
persona;O;;
:;O;;
160;O;;
gr;O;;
.;O;;
de;O;;
arroz;B-IN-R;ili-30-07804323-n;
carnaroli;I-IN-R;-;
1/2;O;;
litro;O;;
de;O;;
caldo;B-IN-NAB;ili-30-07584593-n;
de;I-IN-NAB;-;
verdura;I-IN-NAB;ili-30-07707451-n;
1;O;;
diente;O;;
de;O;;
ajo;B-IN-FV;ili-30-07818277-n;
1;O;;
cebolla;B-IN-FV;ili-30-07722217-n;
Champiñones;B-IN-O;-;
portobello;I-IN-O;-;
y;O;;
seta;B-IN-O;ili-30-07734744-n;
20;O;;
gr;O;;
.;O;;
mantequilla;B-IN-M-AM;ili-30-07848338-n;
100;O;;
gr;O;;
queso;B-IN-M-AM;ili-30-07850329-n;
parmigiano;I-IN-M-AM;ili-30-07854348-n;
reggiano;I-IN-M-AM;-;
(;O;;
parmesano;B-IN-M-AM;ili-30-07854348-n;
);O;;
1/4;O;;
vaso;O;;
de;O;;
vino;B-IN-AB-ASD;ili-30-07892813-n;
blanco;I-IN-AB-ASD;-;
Aceite;B-IN-FO;ili-30-07674508-n;
de;I-IN-FO;-;
oliva;I-IN-FO;-;
virgen;I-IN-FO;-;
cómo;O;;
PREPARAR;O;;
RISOTTO;B-R;ili-30-07875436-n;
DE;I-R;-;
setas;I-R;ili-30-07734744-n;
él;O;;
primero;O;;
que;O;;
haber;O;;
hacer;O;;
ser;O;;
preparar;O;;
el;O;;
caldo;B-IN-NAB;ili-30-07584593-n;
de;I-IN-NAB;-;
verdura;I-IN-NAB;ili-30-07707451-n;
,;O;;
por;O;;
él;O;;
que;O;;
haber;O;;
poner;O;;
medio;O;;
litro;O;;
de;O;;
agua;B-IN-NAB;ili-30-14845743-n;
a;O;;
cocer;O;;
y;O;;
haber;O;;
añadir;O;;
el;O;;
mitad;O;;
de;O;;
uno;O;;
pastilla;O;;
de;O;;
caldo;B-IN-NAB;ili-30-07584593-n;
de;I-IN-NAB;-;
verdura;I-IN-NAB;ili-30-07707451-n;
.;O;;
en;O;;
uno;O;;
7;O;;
minuto;O;;
él;O;;
tendréis;O;;
listo;O;;
,;O;;
aproximadamente;O;;
.;O;;
Reserva;O;;
.;O;;
Limpia;O;;
el;O;;
cebolla;B-IN-FV;ili-30-07722217-n;
y;O;;
córtalar;O;;
en;O;;
trozo;O;;
mucho;O;;
pequeño;O;;
para;O;;
que;O;;
ser;O;;
más;O;;
vistoso;O;;
el;O;;
arroz;B-IN-R;ili-30-07804323-n;
y;O;;
el;O;;
seta;B-IN-O;ili-30-07734744-n;
.;O;;
pon;O;;
uno;O;;
sartén;B-E-U;ili-30-03400231-n;
al;O;;
fuego;O;;
con;O;;
uno;O;;
poquito;O;;
de;O;;
aceite;B-IN-FO;ili-30-07674508-n;
y;O;;
el;O;;
mitad;O;;
de;O;;
uno;O;;
cucharadita;O;;
de;O;;
el;O;;
20;O;;
gr;O;;
de;O;;
mantequilla;B-IN-M-AM;ili-30-07848338-n;
";";O;;
cuando;O;;
estar;O;;
derretido;O;;
,;O;;
ser;O;;
el;O;;
momento;O;;
de;O;;
añadir;O;;
el;O;;
cebolla;B-IN-FV;ili-30-07722217-n;
y;O;;
dejar;O;;
que;O;;
él;O;;
hacer;O;;
poco;O;;
a;O;;
poco;O;;
,;O;;
hasta;O;;
que;O;;
estar;O;;
transparente;O;;
.;O;;
en;O;;
uno;O;;
sartén;B-E-U;ili-30-03400231-n;
a;O;;
parte;O;;
echar;O;;
uno;O;;
poco;O;;
de;O;;
aceite;B-IN-FO;ili-30-07674508-n;
.;O;;
añadir;O;;
el;O;;
ajo;B-IN-FV;ili-30-07818277-n;
pelado;O;;
y;O;;
cortado;O;;
en;O;;
trozo;O;;
grande;O;;
(;O;;
así;O;;
ser;O;;
más;O;;
fácil;O;;
de;O;;
retirar;O;;
);O;;
,;O;;
que;O;;
no;O;;
él;O;;
quemir;O;;
.;O;;
cuando;O;;
estar;O;;
listo;O;;
,;O;;
saltear;O;;
el;O;;
champiñón;B-IN-O;-;
y;O;;
el;O;;
seta;B-IN-O;ili-30-07734744-n;
ya;O;;
limpio;O;;
.;O;;
cuando;O;;
estar;O;;
listo;O;;
apaga;O;;
y;O;;
reserva;O;;
.;O;;
cuando;O;;
el;O;;
cebolla;B-IN-FV;ili-30-07722217-n;
estar;O;;
transparente;O;;
él;O;;
añadir;O;;
el;O;;
arroz;B-IN-R;ili-30-07804323-n;
y;O;;
él;O;;
saltear;O;;
o;O;;
doro;O;;
durante;O;;
uno;O;;
minuto;O;;
.;O;;
cuando;O;;
estar;O;;
,;O;;
añadir;O;;
el;O;;
champiñón;B-IN-O;-;
y;O;;
el;O;;
seta;B-IN-O;ili-30-07734744-n;
,;O;;
él;O;;
saltea;O;;
todo;O;;
junto;O;;
y;O;;
añadir;O;;
el;O;;
vino;B-IN-AB-ASD;ili-30-07892813-n;
.;O;;
cuando;O;;
él;O;;
evaporar;O;;
comienzas;O;;
a;O;;
echar;O;;
el;O;;
caldo;B-IN-NAB;ili-30-07584593-n;
de;I-IN-NAB;-;
verdura;I-IN-NAB;ili-30-07707451-n;
,;O;;
que;O;;
no;O;;
haber;O;;
que;O;;
echar él;O;;
de;O;;
golpe;O;;
,;O;;
si;O;;
no;O;;
cuando;O;;
ver;O;;
que;O;;
estar;O;;
a;O;;
punto;O;;
de;O;;
consumir él;O;;
incorporas;O;;
uno;O;;
poco;O;;
más;O;;
.;O;;
remover;O;;
a;O;;
menudo;O;;
en;O;;
forma;O;;
de;O;;
círculo;O;;
.;O;;
el;O;;
tiempo;O;;
de;O;;
cocción;O;;
él;O;;
vais;O;;
a;O;;
encontrar;O;;
en;O;;
el;O;;
recomendación;O;;
de;O;;
el;O;;
marca;O;;
,;O;;
en;O;;
mi;O;;
caso;O;;
ser;O;;
uno;O;;
15;O;;
–;O;;
20;O;;
minuto;O;;
.;O;;
durante;O;;
ese;O;;
tiempo;O;;
poder;O;;
preparar;O;;
uno;O;;
crujiente;B-R;ili-30-01068104-a;
de;O;;
parmesano;I-R;ili-30-07854348-n;
al;O;;
horno;B-E-A;ili-30-03862676-n;
o;O;;
en;O;;
uno;O;;
sartén;B-E-U;ili-30-03400231-n;
.;O;;
sólo;O;;
haber;O;;
que;O;;
añadir;O;;
uno;O;;
montoncito;O;;
de;O;;
parmesano;B-IN-M-AM;ili-30-07854348-n;
,;O;;
dar él;O;;
el;O;;
forma;O;;
que;O;;
queréis;O;;
y;O;;
prestad;O;;
atención;O;;
para;O;;
ver;O;;
que;O;;
él;O;;
ir;O;;
derretir;O;;
pero;O;;
sin;O;;
llegar;O;;
a;O;;
quemar él;O;;
.;O;;
él;O;;
dar;O;;
el;O;;
vuelta;O;;
con;O;;
cuidado;O;;
y;O;;
él;O;;
dejar;O;;
uno;O;;
minuto;O;;
más;O;;
.;O;;
sacar;O;;
y;O;;
reserva;O;;
.;O;;
cuando;O;;
estar;O;;
blando;O;;
ver;O;;
que;O;;
también;O;;
el;O;;
líquido;O;;
él;O;;
haber;O;;
consumir;O;;
del;O;;
todo;O;;
o;O;;
casi;O;;
.;O;;
retirar;O;;
del;O;;
fuego;O;;
.;O;;
añadir;O;;
el;O;;
mantequilla;B-IN-M-AM;ili-30-07848338-n;
y;O;;
el;O;;
queso;B-IN-M-AM;ili-30-07850329-n;
parmesano;I-IN-M-AM;ili-30-07854348-n;
rallado;O;;
,;O;;
remover;O;;
para;O;;
que;O;;
quedar;O;;
completamente;O;;
fundido;O;;
y;O;;
verás;O;;
cómo;O;;
cambiar;O;;
el;O;;
textura;O;;
,;O;;
estarás;O;;
ante;O;;
uno;O;;
risotto;B-R;ili-30-07875436-n;
.;O;;
servir;O;;
en;O;;
seguido;O;;
y;O;;
a;O;;
disfrutar;O;;
.;O;;
TORTILLA;B-R;ili-30-07842753-n;
DE;I-R;-;
patata;I-R;ili-30-07710616-n;
CON;I-R;-;
TXAPELA;I-R;-;
el;O;;
tortilla;B-R;ili-30-07842753-n;
de;I-R;-;
patata;I-R;ili-30-07710616-n;
con;I-R;-;
txapela;I-R;-;
o;O;;
con;O;;
boina;O;;
ser;O;;
uno;O;;
plato;O;;
típico;O;;
de;O;;
el;O;;
gastronomía;O;;
del;O;;
País;O;;
Vasco;O;;
y;O;;
ser;O;;
uno;O;;
forma;O;;
deliciós;O;;
,;O;;
vistoso;O;;
y;O;;
diferente;O;;
de;O;;
disfrutar;O;;
de;O;;
uno;O;;
clásico;O;;
tortilla;B-R;ili-30-07842753-n;
de;I-R;-;
patata;I-R;ili-30-07710616-n;
.;O;;
receta;O;;
DE;O;;
TORTILLA;B-R;ili-30-07842753-n;
DE;I-R;-;
patata;I-R;ili-30-07710616-n;
CON;I-R;-;
TXAPELA;I-R;-;
el;O;;
tortilla;B-R;ili-30-07842753-n;
de;I-R;-;
patata;I-R;ili-30-07710616-n;
con;I-R;-;
boina;I-R;ili-30-02831237-n;
más;O;;
típico;O;;
ser;O;;
el;O;;
que;O;;
él;O;;
presentar;O;;
con;O;;
bonito;B-IN-F-AF;ili-30-07781022-n;
y;O;;
con;O;;
mayonesa;B-R;ili-30-07834507-n;
,;O;;
aunque;O;;
hoy;O;;
día;O;;
vais;O;;
a;O;;
encontrar;O;;
y;O;;
poder;O;;
preparar;O;;
en;O;;
casa;O;;
el;O;;
variación;O;;
que;O;;
más;O;;
tú;O;;
gustar;O;;
.;O;;
este;O;;
tortilla;B-R;ili-30-07842753-n;
ya;O;;
no;O;;
solo;O;;
estar;O;;
en;O;;
País;O;;
Vasco;O;;
o;O;;
Cantabria;O;;
,;O;;
si;O;;
no;O;;
que;O;;
ya;O;;
él;O;;
extender;O;;
por;O;;
todo;O;;
el;O;;
península;O;;
y;O;;
él;O;;
poder;O;;
encontrar;O;;
en;O;;
bar;O;;
de;O;;
procedencia;O;;
vasco;O;;
con;O;;
versión;O;;
de;O;;
cada;O;;
ciudad;O;;
.;O;;
tortilla;B-R;ili-30-07842753-n;
DE;I-R;-;
patata;I-R;ili-30-07710616-n;
CON;I-R;-;
TXAPELA;I-R;-;
–;O;;
ingredient;O;;
400;O;;
gr;O;;
de;O;;
patata;B-IN-FV;ili-30-07710616-n;
3;O;;
huevo;B-IN-E-AE;ili-30-07840804-n;
+;O;;
1;O;;
1/2;O;;
Cebolleta;B-IN-FV;ili-30-07722485-n;
tierna;O;;
(;O;;
opcional;O;;
);O;;
Sal;B-IN-HS;ili-30-07813107-n;
Aceite;B-IN-FO;ili-30-07674508-n;
de;I-IN-FO;-;
oliva;I-IN-FO;-;
virgen;I-IN-FO;-;
extra;I-IN-FO;-;
100;O;;
gr;O;;
.;O;;
queso;B-IN-M-AM;ili-30-07850329-n;
brie;I-IN-M-AM;ili-30-07852614-n;
1;O;;
cebolla;B-IN-FV;ili-30-07722217-n;
2;O;;
cucharada;O;;
de;O;;
azúcar;B-IN-SU;ili-30-07859284-n;
blanco;I-IN-SU;-;
(;O;;
opcional;O;;
);O;;
cómo;O;;
hacer;O;;
tortilla;B-R;ili-30-07842753-n;
DE;I-R;-;
patata;I-R;ili-30-07710616-n;
CON;I-R;-;
TXAPELA;I-R;-;
Preparación;O;;
de;O;;
el;O;;
cebolla;B-R;ili-30-07722217-n;
caramelizado;I-R;ili-30-01071941-a;
Pela;O;;
el;O;;
cebolla;B-IN-FV;ili-30-07722217-n;
y;O;;
el;O;;
corto;O;;
en;O;;
tira;O;;
fino;O;;
,;O;;
en;O;;
juliana;O;;
.;O;;
poner;O;;
uno;O;;
sartén;B-E-U;ili-30-03400231-n;
antiadeherente;I-E-U;ili-30-02235330-a;
al;O;;
fuego;O;;
con;O;;
uno;O;;
chorrito;O;;
de;O;;
aceite;B-IN-FO;ili-30-07674508-n;
de;I-IN-FO;-;
oliva;I-IN-FO;-;
y;O;;
dejar;O;;
que;O;;
él;O;;
ir;O;;
pochar;O;;
poco;O;;
a;O;;
poco;O;;
,;O;;
procurar;O;;
que;O;;
no;O;;
él;O;;
quemir;O;;
.;O;;
en;O;;
el;O;;
momento;O;;
en;O;;
el;O;;
que;O;;
estar;O;;
pochado;O;;
haber;O;;
que;O;;
añadir él;O;;
el;O;;
azúcar;B-IN-SU;ili-30-07859284-n;
(;O;;
opcional;O;;
);O;;
,;O;;
remover;O;;
y;O;;
dejar;O;;
que;O;;
él;O;;
vaya;O;;
caramelizar;O;;
.;O;;
haber;O;;
que;O;;
remover;O;;
de;O;;
forma;O;;
constante;O;;
.;O;;
el;O;;
tiempo;O;;
que;O;;
tú;O;;
ir;O;;
a;O;;
llevar;O;;
ser;O;;
de;O;;
uno;O;;
20;O;;
minuto;O;;
.;O;;
uno;O;;
vez;O;;
él;O;;
tengas;O;;
,;O;;
solo;O;;
haber;O;;
que;O;;
reservar;O;;
.;O;;
Preparación;O;;
de;O;;
el;O;;
tortilla;B-R;ili-30-07842753-n;
Como;O;;
él;O;;
tratar;O;;
de;O;;
uno;O;;
tortilla;B-R;ili-30-07842753-n;
que;O;;
llevar;O;;
cebolla;B-R;ili-30-07722217-n;
caramelizado;I-R;ili-30-01071941-a;
no;O;;
haber;O;;
añadir;O;;
el;O;;
cebolleta;B-IN-FV;ili-30-07722485-n;
tierno;O;;
en;O;;
el;O;;
preparación;O;;
pero;O;;
poder;O;;
hacer él;O;;
igualmente;O;;
.;O;;
Pela;O;;
el;O;;
patata;B-IN-FV;ili-30-07710616-n;
y;O;;
el;O;;
corto;O;;
en;O;;
rodaja;O;;
con;O;;
el;O;;
grosor;O;;
de;O;;
uno;O;;
moneda;O;;
.;O;;
poder;O;;
usar;O;;
uno;O;;
mandolina;B-E-U;-;
si;O;;
tú;O;;
resultar;O;;
más;O;;
sencillo;O;;
.;O;;
pon;O;;
uno;O;;
sartén;B-E-U;ili-30-03400231-n;
al;O;;
fuego;O;;
con;O;;
abundante;O;;
aceite;B-IN-FO;ili-30-07673397-n;
,;O;;
el;O;;
calienta;O;;
a;O;;
fuego;O;;
medio;O;;
y;O;;
frí;O;;
el;O;;
patata;B-IN-FV;ili-30-07710616-n;
hasta;O;;
que;O;;
estar;O;;
tierno;O;;
.;O;;
ve;O;;
remover;O;;
el;O;;
patata;B-IN-FV;ili-30-07710616-n;
para;O;;
que;O;;
él;O;;
rompar;O;;
durante;O;;
el;O;;
fritura;O;;
.;O;;
tú;O;;
poder;O;;
llevar;O;;
uno;O;;
20;O;;
minuto;O;;
aproximadamente;O;;
.;O;;
en;O;;
uno;O;;
recipiente;O;;
bat;O;;
el;O;;
tres;O;;
huevo;B-IN-E-AE;ili-30-07840804-n;
con;O;;
uno;O;;
poquito;O;;
de;O;;
sal;B-IN-HS;ili-30-07813107-n;
.;O;;
añadir;O;;
el;O;;
patata;B-IN-FV;ili-30-07710616-n;
(;O;;
retirar;O;;
previamente;O;;
el;O;;
aceite;B-IN-FO;ili-30-07673397-n;
sobrante;O;;
);O;;
y;O;;
él;O;;
mezcla;O;;
con;O;;
el;O;;
huevo;B-IN-E-AE;ili-30-07840804-n;
.;O;;
déjalir;O;;
que;O;;
repo él;O;;
durante;O;;
uno;O;;
15;O;;
minuto;O;;
.;O;;
utilizar;O;;
uno;O;;
sartén;B-E-U;ili-30-03400231-n;
antiadherente;I-E-U;ili-30-02235330-a;
con;O;;
uno;O;;
poquito;O;;
de;O;;
aceite;B-IN-FO;ili-30-07673397-n;
de;O;;
oliva;O;;
y;O;;
cuando;O;;
estar;O;;
bien;O;;
caliente;O;;
él;O;;
añadir;O;;
el;O;;
mezcla;O;;
de;O;;
huevo;B-IN-E-AE;ili-30-07840804-n;
y;O;;
patata;B-IN-FV;ili-30-07710616-n;
.;O;;
dejar;O;;
que;O;;
él;O;;
cocinar;O;;
a;O;;
fuego;O;;
medio;O;;
.;O;;
el;O;;
tiempo;O;;
aproximado;O;;
ser;O;;
de;O;;
45;O;;
segundo;O;;
por;O;;
uno;O;;
lado;O;;
,;O;;
el;O;;
vuelcas;O;;
sobre;O;;
uno;O;;
plato;B-E-U;ili-30-03206908-n;
con;O;;
uno;O;;
ligero;O;;
gota;O;;
de;O;;
aceite;B-IN-FO;ili-30-07673397-n;
,;O;;
dejar;O;;
que;O;;
el;O;;
sartén;B-E-U;ili-30-03400231-n;
vuelca;O;;
a;O;;
calentar él;O;;
bien;O;;
y;O;;
añad;O;;
de;O;;
nuevo;O;;
el;O;;
tortilla;B-R;ili-30-07842753-n;
otro;O;;
45;O;;
segundo;O;;
.;O;;
uno;O;;
vez;O;;
él;O;;
tengas;O;;
,;O;;
el;O;;
saca;O;;
y;O;;
reserva;O;;
.;O;;
montaje;O;;
de;O;;
el;O;;
tortilla;B-R;ili-30-07842753-n;
Sobre;O;;
el;O;;
tortilla;B-R;ili-30-07842753-n;
de;I-R;-;
patata;I-R;ili-30-07710616-n;
que;O;;
haber;O;;
preparar;O;;
colocar;O;;
uno;O;;
buen;O;;
capa;O;;
de;O;;
cebolla;B-R;ili-30-07722217-n;
caramelizado;I-R;ili-30-01071941-a;
.;O;;
a;O;;
continuación;O;;
,;O;;
corto;O;;
el;O;;
queso;B-IN-M-AM;ili-30-07850329-n;
brie;I-IN-M-AM;ili-30-07852614-n;
y;O;;
él;O;;
colocar;O;;
por;O;;
encima;O;;
de;O;;
el;O;;
cebolla;B-IN-FV;ili-30-07722217-n;
.;O;;
Bate;O;;
uno;O;;
huevo;B-IN-E-AE;ili-30-07840804-n;
con;O;;
uno;O;;
pizca;O;;
de;O;;
sal;B-IN-HS;ili-30-07813107-n;
y;O;;
preparar;O;;
uno;O;;
tortilla;B-R;ili-30-07842753-n;
francés;I-R;ili-30-02958392-a;
,;O;;
este;O;;
haber;O;;
de;O;;
ser;O;;
del;O;;
ancho;O;;
del;O;;
relleno;O;;
y;O;;
,;O;;
uno;O;;
vez;O;;
el;O;;
tengas;O;;
,;O;;
el;O;;
colocar;O;;
por;O;;
encima;O;;
.;O;;
con;O;;
este;O;;
ya;O;;
solo;O;;
quedar;O;;
servir;O;;
y;O;;
disfrutar;O;;
de;O;;
semejante;O;;
bocado;O;;
.;O;;
galletas;B-R;-;
DE;I-R;-;
CHOCOLATE;I-R;-;
BLANCO;I-R;-;
Y;I-R;-;
MACADAMIA;I-R;-;
este;O;;
galleta;B-R;-;
tener;O;;
que;O;;
quedar;O;;
uno;O;;
poco;O;;
blandita;O;;
por;O;;
dentro;O;;
,;O;;
por;O;;
él;O;;
que;O;;
tenedlo;O;;
en;O;;
cuenta;O;;
en;O;;
el;O;;
tiempo;O;;
de;O;;
cocción;O;;
.;O;;
a;O;;
su;O;;
vez;O;;
,;O;;
veréis;O;;
también;O;;
que;O;;
él;O;;
ir;O;;
a;O;;
endurecer;O;;
y;O;;
volver;O;;
más;O;;
crujient;O;;
cuando;O;;
él;O;;
ir;O;;
enfriar;O;;
,;O;;
por;O;;
él;O;;
que;O;;
no;O;;
tú;O;;
preocupéis;O;;
si;O;;
estar;O;;
blandita;O;;
al;O;;
retirar él;O;;
.;O;;
360;O;;
gr;O;;
.;O;;
de;O;;
harina;B-IN-BP-AG;ili-30-07569106-n;
de;I-IN-BP-AG;-;
repostería;I-IN-BP-AG;-;
200;O;;
gr;O;;
.;O;;
chocolate;B-IN-O;ili-30-07604587-n;
blanco;I-IN-O;-;
1;O;;
pizca;O;;
de;O;;
sal;B-IN-HS;ili-30-07813107-n;
160;O;;
gr;O;;
.;O;;
de;O;;
azúcar;B-IN-SU;ili-30-07596452-n;
moreno;I-IN-SU;-;
2;O;;
huevo;B-IN-E-AE;ili-30-07840804-n;
1;O;;
sobre;O;;
de;O;;
levadura;B-IN-BP-AG;ili-30-15106271-n;
royal;I-IN-BP-AG;-;
(;O;;
16;O;;
gr;O;;
);O;;
120;O;;
gr;O;;
.;O;;
de;O;;
mantequilla;B-IN-M-AM;ili-30-07848338-n;
1;O;;
vaina;B-IN-FV;ili-30-07828642-n;
de;I-IN-FV;-;
vainilla;I-IN-FV;-;
Para;O;;
preparar;O;;
este;O;;
galleta;B-R;-;
él;O;;
ideal;O;;
ser;O;;
que;O;;
el;O;;
mantequilla;B-IN-M-AM;ili-30-07848338-n;
estar;O;;
reblandecido;O;;
,;O;;
él;O;;
que;O;;
podéis;O;;
conseguir;O;;
fácilmente;O;;
si;O;;
dejáis;O;;
el;O;;
mantequilla;B-IN-M-AM;ili-30-07848338-n;
a;O;;
temperatura;O;;
ambiente;O;;
uno;O;;
ratito;O;;
antes;O;;
.;O;;
él;O;;
mejor;O;;
ser;O;;
evitar;O;;
que;O;;
no;O;;
tener;O;;
que;O;;
ser;O;;
introducir;O;;
en;O;;
el;O;;
microondas;B-E-A;ili-30-03761084-n;
.;O;;
antes;O;;
de;O;;
poner tú;O;;
a;O;;
preparar;O;;
el;O;;
masa;B-R;-;
,;O;;
picad;O;;
el;O;;
nuez;B-IN-N-AN;ili-30-07771212-n;nuez'
de;I-IN-N-AN;-;
macadamia;I-IN-N-AN;ili-30-12221191-n;macadamia'
.;O;;
si;O;;
utilizáis;O;;
uno;O;;
picadora;B-E-A;ili-30-03767966-n;
eléctrico;I-E-A;-;
tened;O;;
cuidado;O;;
tanto;O;;
de;O;;
el;O;;
velocidad;O;;
como;O;;
del;O;;
tiempo;O;;
,;O;;
puesto;O;;
que;O;;
tú;O;;
poder;O;;
quedar;O;;
con;O;;
uno;O;;
nuez;B-IN-N-AN;ili-30-07771212-n;
excesivamente;O;;
picada;O;;
";";O;;
si;O;;
él;O;;
hacer;O;;
a;O;;
mano;O;;
tú;O;;
llevar;O;;
uno;O;;
poco;O;;
más;O;;
de;O;;
tiempo;O;;
,;O;;
pero;O;;
poder;O;;
calcular;O;;
el;O;;
tamaño;O;;
de;O;;
el;O;;
nuez;B-IN-N-AN;ili-30-07771212-n;
.;O;;
con;O;;
respecto;O;;
al;O;;
chocolate;B-IN-O;ili-30-07604587-n;
blanco;I-IN-O;-;
,;O;;
si;O;;
habéis;O;;
comprar;O;;
el;O;;
tableta;O;;
ser;O;;
el;O;;
momento;O;;
de;O;;
picar él;O;;
.;O;;
para;O;;
el;O;;
tamaño;O;;
,;O;;
poder;O;;
tener;O;;
como;O;;
idea;O;;
el;O;;
tamaño;O;;
de;O;;
el;O;;
gota;O;;
de;O;;
chocolate;B-IN-O;ili-30-07604587-n;
.;O;;
poned;O;;
el;O;;
horno;B-E-A;ili-30-03862676-n;
a;O;;
precalentar;O;;
a;O;;
180º;O;;
,;O;;
veréis;O;;
que;O;;
él;O;;
tardar;O;;
poco;O;;
en;O;;
hacer;O;;
este;O;;
galleta;B-R;;
.;O;;
pon;O;;
el;O;;
mantequilla;B-IN-M-AM;ili-30-07848338-n;
en;O;;
uno;O;;
recipiente;B-E-U;ili-30-03094503-n;
junto;O;;
con;O;;
el;O;;
huevo;B-IN-E-AE;ili-30-07840804-n;
y;O;;
el;O;;
azúcar;B-IN-SU;ili-30-07596452-n;
moreno;I-IN-SU;-;
,;O;;
echar;O;;
el;O;;
pizca;O;;
de;O;;
sal;B-IN-HS;ili-30-07813107-n;
(;O;;
marca;O;;
el;O;;
diferencia;O;;
);O;;
.;O;;
si;O;;
tenéis;O;;
uno;O;;
varilla;B-E-A;ili-30-02850732-n;
eléctrico;I-E-A;-;
en;O;;
casa;O;;
veréis;O;;
que;O;;
en;O;;
poco;O;;
minuto;O;;
vais;O;;
a;O;;
conseguir;O;;
uno;O;;
mezcla;O;;
él;O;;
más;O;;
homogéneo;O;;
posible;O;;
.;O;;
añadid;O;;
el;O;;
harina;B-IN-BP-AG;ili-30-07569106-n;
junto;O;;
con;O;;
el;O;;
levadura;B-IN-BP-AG;ili-30-15106271-n;
y;O;;
él;O;;
mezcláis;O;;
bien;O;;
,;O;;
hasta;O;;
que;O;;
todo;O;;
el;O;;
ingrediente;O;;
estar;O;;
integrado;O;;
.;O;;
a;O;;
continuación;O;;
,;O;;
añadir;O;;
el;O;;
chocolate;B-IN-O;ili-30-07604587-n;
y;O;;
el;O;;
nuez;B-IN-N-AN;ili-30-07771212-n;
que;O;;
ya;O;;
tener;O;;
picada;O;;
,;O;;
introduz;O;;
el;O;;
mano;O;;
y;O;;
a;O;;
mezclar;O;;
.;O;;
Forra;O;;
con;O;;
papel;O;;
de;O;;
horno;O;;
el;O;;
rejilla;B-E-U;ili-30-03454536-n;
o;O;;
bandeja;B-E-U;ili-30-04476259-n;
que;O;;
vayar;O;;
a;O;;
utilizar;O;;
para;O;;
hornear él;O;;
.;O;;
poder;O;;
utilizar;O;;
uno;O;;
cucharilla;B-E-U;ili-30-04398688-n;
o;O;;
uno;O;;
cuchara;B-E-U;ili-30-03180384-n;
de;I-E-U;-;
helado;I-E-U;-;
como;O;;
medidor;O;;
para;O;;
que;O;;
todo;O;;
el;O;;
galleta;B-R;-;
tener;O;;
uno;O;;
tamaño;O;;
similar;O;;
.;O;;
hacer;O;;
uno;O;;
bola;O;;
,;O;;
el;O;;
colocas;O;;
sobre;O;;
el;O;;
papel;O;;
,;O;;
presionas;O;;
ligeramente;O;;
con;O;;
el;O;;
dedo;O;;
y;O;;
listo;O;;
.;O;;
no;O;;
hacer;O;;
falta;O;;
que;O;;
el;O;;
coloqu;O;;
con;O;;
gran;O;;
distancia;O;;
.;O;;
él;O;;
dejar;O;;
en;O;;
el;O;;
horno;B-E-A;ili-30-03862676-n;
entre;O;;
10;O;;
y;O;;
12;O;;
minuto;O;;
,;O;;
después;O;;
sólo;O;;
haber;O;;
que;O;;
dejar él;O;;
enfriar;O;;
sobre;O;;
uno;O;;
rejilla;B-E-U;ili-30-03454536-n;
.;O;;
;;;
;;;
;;;
;;;
;;;
;;;
;;;
;;;
;;;
;;;
;;;
;;;
;;;
;;;
;;;
;;;
;;;
;;;
;;;
;;;
;;;
;;;
;;;
;;;
;;;
;;;
;;;
;;;
;;;
;;;
;;;
;;;
;;;
;;;
;;;
;;;
;;;
;;;
;;;
;;;
;;;
;;;
;;;
;;;
;;;
;;;
;;;
;;;
;;;
;;;
;;;
;;;
;;;
;;;
;;;
;;;
;;;
;;;
;;;
;;;
;;;
;;;
;;;
;;;
;;;
;;;
;;;
;;;
;;;
;;;
;;;
;;;
;;;
;;;
;;;
;;;
;;;
;;;
;;;
;;;
;;;
;;;
;;;
;;;
;;;
;;;
;;;
;;;
;;;
;;;
;;;
;;;
;;;
;;;
;;;
;;;
;;;
;;;
;;;
;;;
;;;
;;;
;;;
;;;
;;;
;;;
;;;
;;;
;;;
;;;
;;;
;;;
;;;
;;;
;;;
;;;
;;;
;;;
;;;
;;;
;;;
;;;
;;;
;;;
;;;
;;;
;;;
;;;
;;;
;;;
;;;
;;;
;;;
;;;
;;;
;;;
;;;
;;;
;;;
;;;
;;;
;;;
;;;
;;;
;;;
;;;
;;;
;;;
;;;
;;;
;;;
;;;
;;;
;;;
;;;
;;;
;;;
;;;
;;;
;;;
;;;
;;;
;;;
;;;
;;;
;;;
;;;
;;;
;;;
;;;
;;;
;;;
;;;
;;;
;;;
;;;
;;;
;;;
;;;
;;;
;;;
;;;
;;;
;;;
;;;
;;;
;;;
;;;
;;;
;;;
;;;
;;;
;;;
;;;
;;;
;;;
;;;
;;;
;;;
;;;
;;;
;;;
;;;
;;;
;;;
;;;
;;;
;;;
;;;
;;;
;;;
;;;
;;;
;;;
;;;
;;;
;;;
;;;
;;;
;;;
;;;
;;;
;;;
;;;
;;;
;;;
;;;
;;;
;;;
;;;
;;;
;;;
;;;
;;;
;;;
;;;
;;;
;;;
;;;
;;;
;;;
;;;
;;;
;;;
;;;
;;;
;;;
;;;
;;;
;;;
;;;
;;;
;;;
;;;
;;;
;;;
;;;
;;;
;;;
;;;
;;;
;;;
;;;
;;;
;;;
;;;
;;;
;;;
;;;
;;;
;;;
;;;
;;;
;;;
;;;
;;;
;;;
;;;
;;;
;;;
;;;
;;;
;;;
;;;
;;;
;;;
;;;
;;;
;;;
;;;
;;;
;;;
;;;
;;;
;;;
;;;
;;;
;;;
;;;
;;;
;;;
;;;
;;;
;;;
;;;
;;;
;;;
;;;
;;;
;;;
;;;
;;;
;;;
;;;
;;;
;;;
;;;
;;;
;;;
;;;
;;;
;;;
;;;
;;;
;;;
;;;
;;;
;;;
;;;
;;;
;;;
;;;
;;;
;;;
;;;
;;;
;;;
;;;
;;;
;;;
;;;
;;;
;;;
;;;
;;;
;;;
;;;
;;;
;;;
;;;
;;;
;;;
;;;
;;;
;;;
;;;
;;;
;;;
;;;
;;;
;;;
;;;
;;;
;;;
;;;
;;;
;;;
;;;
;;;
;;;
;;;
;;;
;;;
;;;
;;;
;;;
;;;
;;;
;;;
;;;
;;;
;;;
;;;
;;;
;;;
;;;
;;;
;;;
;;;
;;;
;;;
;;;
;;;
;;;
;;;
;;;
;;;
;;;
;;;
;;;
;;;
;;;
;;;
;;;
;;;
;;;
;;;
;;;
;;;
;;;
;;;
;;;
;;;
;;;
;;;
;;;
;;;
;;;
;;;
;;;
;;;
;;;
;;;
;;;
;;;
;;;
;;;
;;;
;;;
;;;
;;;
;;;
;;;
;;;
;;;
;;;
;;;
;;;
;;;
;;;
;;;
;;;
;;;
;;;
;;;
;;;
;;;
;;;
;;;
;;;
;;;
;;;
;;;
;;;
;;;
;;;
;;;
;;;
;;;
;;;
;;;
;;;
;;;
;;;
;;;
;;;
;;;
;;;
;;;
;;;
;;;
;;;
;;;
;;;
;;;
;;;
;;;
;;;
;;;
;;;
;;;
;;;
;;;
;;;
;;;
;;;
;;;
;;;
;;;
;;;
;;;
;;;
;;;
;;;
;;;
;;;
;;;
;;;
;;;
;;;
;;;
;;;
;;;
;;;
;;;
;;;
;;;
;;;
;;;
;;;
;;;
;;;
;;;
;;;
;;;
;;;
;;;
;;;
;;;
;;;
;;;
;;;
;;;
;;;
;;;
;;;
;;;
;;;
;;;
;;;
;;;
;;;
;;;
;;;
;;;
;;;
;;;
;;;
;;;
;;;
;;;
;;;
;;;
;;;
;;;
;;;
;;;
;;;
;;;
;;;
;;;
;;;
;;;
;;;
;;;
;;;
;;;
;;;
;;;
;;;
;;;
;;;
;;;
;;;
;;;
;;;
